3.5/1	success
3.5/2	conn-error
4.1/1	success
4.1/2	success
4.1/3	success
4.2/1	success
4.2/2	stream-error
4.2/3	conn-error
5.1.1/1	conn-error
5.1.1/2	conn-error
5.1.2/1	stream-error
5.1/1	conn-error
5.1/10	stream-error
5.1/11	stream-error
5.1/12	conn-error
5.1/13	conn-error
5.1/2	conn-error
5.1/3	conn-error
5.1/4	conn-error
5.1/5	stream-error
5.1/6	stream-error
5.1/7	stream-error
5.1/8	stream-error
5.1/9	stream-error
5.3.1/1	stream-error
5.3.1/2	stream-error
5.4.1/1	conn-error
5.4.1/2	conn-error
6.1/1	conn-error
6.1/2	stream-error
6.1/3	conn-error
6.10/2	conn-error
6.10/3	conn-error
6.10/4	conn-error
6.10/5	conn-error
6.10/6	conn-error
6.2/1	conn-error
6.2/2	conn-error
6.2/3	conn-error
6.2/4	conn-error
6.3/1	conn-error
6.3/2	stream-error
6.4/1	conn-error
6.4/2	conn-error
6.4/3	conn-error
6.5.2/1	conn-error
6.5.2/2	conn-error
6.5.2/3	conn-error
6.5.2/4	conn-error
6.5.2/5	success
6.5.3/2	success
6.5/1	conn-error
6.5/2	conn-error
6.5/3	conn-error
6.7/1	success
6.7/2	success
6.7/3	conn-error
6.7/4	conn-error
6.8/1	conn-error
6.9.1/1	success
6.9.1/2	conn-error
6.9.1/3	stream-error
6.9.2/3	conn-error
6.9/1	conn-error
6.9/2	stream-error
6.9/3	conn-error
8.1.2.1/1	stream-error
8.1.2.1/2	stream-error
8.1.2.1/3	stream-error
8.1.2.1/4	stream-error
8.1.2.2/1	stream-error
8.1.2.2/2	stream-error
8.1.2.3/1	stream-error
8.1.2.3/2	stream-error
8.1.2.3/3	stream-error
8.1.2.3/4	stream-error
8.1.2.3/5	stream-error
8.1.2.3/6	stream-error
8.1.2.3/7	stream-error
8.1.2.6/1	stream-error
8.1.2.6/2	stream-error
8.1.2/1	stream-error
8.1/1	stream-error
8.2/1	conn-error
complete/1	success
complete/10	success
complete/11	success
complete/12	success
complete/13	success
complete/2	success
complete/3	success
complete/4	success
complete/5	success
complete/6	success
complete/7	success
complete/8	success
complete/9	success
extra/1	success
extra/2	success
extra/3	success
extra/4	success
extra/5	success
final/1	success
final/2	success
generic/1/1	success
generic/2/1	success
generic/3.1/1	success
generic/3.1/2	success
generic/3.1/3	success
generic/3.10/1	success
generic/3.2/1	success
generic/3.2/2	success
generic/3.2/3	success
generic/3.3/1	success
generic/3.3/2	success
generic/3.3/3	success
generic/3.3/4	success
generic/3.3/5	success
generic/3.4/1	success
generic/3.5/1	success
generic/3.7/1	success
generic/3.8/1	success
generic/3.9/1	success
generic/4/1	success
generic/4/2	success
generic/5/1	success
generic/misc/1	success
hpack/2.3.3/1	conn-error
hpack/2.3.3/2	conn-error
hpack/2.3/1	success
hpack/4.1/1	success
hpack/4.2/1	conn-error
hpack/5.2/1	conn-error
hpack/5.2/2	conn-error
hpack/5.2/3	conn-error
hpack/6.1/1	conn-error
hpack/6.2.2/1	success
hpack/6.2.3/1	success
hpack/6.2/1	success
hpack/6.3/1	conn-error
hpack/misc/1	success
http2/4.3/1	success
http2/5.5/1	success
http2/7/1	success
http2/8.1.2.4/1	conn-error
http2/8.1.2.5/1	conn-error
